{
  "config.py": 1773980039.1892545,
  "gunicorn.conf.py": 1774153946.032058,
  "run.py": 1772100225.0245879,
  "app\\__init__.py": 1775636158.3062453,
  "app\\config\\blog_monitor.py": 1774681423.4768047,
  "app\\config\\data_sources.py": 1770807358.029952,
  "app\\config\\esports_config.py": 1775099886.3148477,
  "app\\config\\github_releases.py": 1774075796.2211978,
  "app\\config\\github_trending.py": 1774754207.1069405,
  "app\\config\\news_config.py": 1774068088.1967366,
  "app\\config\\notification_config.py": 1775089937.3887968,
  "app\\config\\sector_ratings.py": 1770962654.4347,
  "app\\config\\stock_codes.py": 1775001605.7824197,
  "app\\config\\__init__.py": 1768956255.6178145,
  "app\\llm\\base.py": 1774958371.5948122,
  "app\\llm\\rate_limiter.py": 1775008448.1941428,
  "app\\llm\\router.py": 1775631437.383398,
  "app\\llm\\__init__.py": 1771998733.9506717,
  "app\\llm\\prompts\\blog_summary.py": 1774681441.9709249,
  "app\\llm\\prompts\\company_identify.py": 1775000899.1618097,
  "app\\llm\\prompts\\daily_briefing.py": 1775195541.537361,
  "app\\llm\\prompts\\github_release_update.py": 1773925276.3749964,
  "app\\llm\\prompts\\github_trending_summary.py": 1774754219.9865224,
  "app\\llm\\prompts\\market_summary.py": 1771998733.963488,
  "app\\llm\\prompts\\news_briefing.py": 1772189453.406781,
  "app\\llm\\prompts\\news_classify.py": 1772358448.6997247,
  "app\\llm\\prompts\\news_dedup.py": 1774014621.661201,
  "app\\llm\\prompts\\nomura_research.py": 1775439817.0910258,
  "app\\llm\\prompts\\stock_tags.py": 1773191864.0378296,
  "app\\llm\\prompts\\wallstreet_news.py": 1775089962.747417,
  "app\\llm\\prompts\\watch_analysis.py": 1773885269.4353838,
  "app\\llm\\prompts\\__init__.py": 1771998733.9594834,
  "app\\llm\\providers\\gemini.py": 1775617772.6216097,
  "app\\llm\\providers\\llamacpp.py": 1773118761.6951652,
  "app\\llm\\providers\\zhipu.py": 1775617849.8857381,
  "app\\llm\\providers\\__init__.py": 1771998733.963488,
  "app\\ml\\dataset.py": 1772797180.9577668,
  "app\\ml\\features.py": 1772797106.6048858,
  "app\\ml\\predictor.py": 1772797536.9936442,
  "app\\ml\\trainer.py": 1772797459.2962263,
  "app\\ml\\__init__.py": 1772797082.1787322,
  "app\\ml\\models\\trend_transformer.py": 1772797162.000241,
  "app\\ml\\models\\__init__.py": 1772797082.2800052,
  "app\\models\\advice.py": 1771206155.6383107,
  "app\\models\\bank_transfer.py": 1769831175.038343,
  "app\\models\\category.py": 1771978716.8259022,
  "app\\models\\config.py": 1770429371.222053,
  "app\\models\\daily_snapshot.py": 1770439496.0129933,
  "app\\models\\dram_price.py": 1772331765.9349697,
  "app\\models\\earnings_snapshot.py": 1774071483.5517569,
  "app\\models\\index_trend_cache.py": 1766203583.1909316,
  "app\\models\\metal_trend_cache.py": 1765009953.173953,
  "app\\models\\news.py": 1774068098.0857453,
  "app\\models\\position.py": 1771206154.7862382,
  "app\\models\\position_plan.py": 1771206153.9552941,
  "app\\models\\rebalance_config.py": 1766900726.341489,
  "app\\models\\settlement.py": 1771206156.624276,
  "app\\models\\signal_cache.py": 1768185210.4169893,
  "app\\models\\stock.py": 1773191847.1370702,
  "app\\models\\stock_alias.py": 1768290320.1547601,
  "app\\models\\stock_weight.py": 1771206153.0345826,
  "app\\models\\trade.py": 1771206152.1146495,
  "app\\models\\trading_strategy.py": 1770789919.0165224,
  "app\\models\\unified_cache.py": 1775730778.3232837,
  "app\\models\\watch_list.py": 1773037267.3249884,
  "app\\models\\wyckoff.py": 1771206133.8666494,
  "app\\models\\__init__.py": 1774071492.0748792,
  "app\\routes\\advice.py": 1764838718.979434,
  "app\\routes\\alert.py": 1775195551.136323,
  "app\\routes\\briefing.py": 1775195557.575868,
  "app\\routes\\category.py": 1771978719.3571076,
  "app\\routes\\daily_record.py": 1773732089.6448543,
  "app\\routes\\earnings_page.py": 1774071669.5106876,
  "app\\routes\\heavy_metals.py": 1773145371.1360712,
  "app\\routes\\main.py": 1773037286.3323512,
  "app\\routes\\news.py": 1774068071.1059241,
  "app\\routes\\position.py": 1771210704.9948273,
  "app\\routes\\profit.py": 1764944511.7177951,
  "app\\routes\\rebalance.py": 1766900783.8368342,
  "app\\routes\\stock.py": 1773191927.9983165,
  "app\\routes\\stock_detail.py": 1771210651.1313605,
  "app\\routes\\strategy.py": 1770789919.02973,
  "app\\routes\\trade.py": 1769831299.632276,
  "app\\routes\\value_dip.py": 1775002894.177855,
  "app\\routes\\watch.py": 1775636176.0407848,
  "app\\routes\\__init__.py": 1774071613.080384,
  "app\\scheduler\\engine.py": 1775217253.375384,
  "app\\scheduler\\event_bus.py": 1773191497.633068,
  "app\\scheduler\\__init__.py": 1771998733.994687,
  "app\\services\\ai_analyzer.py": 1774229228.0964777,
  "app\\services\\akshare_client.py": 1773369115.8021526,
  "app\\services\\backtest.py": 1771211334.2871122,
  "app\\services\\bank_transfer.py": 1769831175.8712015,
  "app\\services\\blog_monitor_service.py": 1774681569.572177,
  "app\\services\\briefing.py": 1775195565.3716655,
  "app\\services\\cache_validator.py": 1771211170.6280053,
  "app\\services\\category.py": 1771978720.8903499,
  "app\\services\\circuit_breaker.py": 1771210990.7896338,
  "app\\services\\company_news_service.py": 1774529724.8687093,
  "app\\services\\daily_record.py": 1770988480.1565633,
  "app\\services\\data_source_providers.py": 1771211006.2742243,
  "app\\services\\dram_price.py": 1772332075.1448958,
  "app\\services\\earnings.py": 1775195466.8201492,
  "app\\services\\earnings_service.py": 1773369073.7737565,
  "app\\services\\esports_monitor_service.py": 1775704560.7618895,
  "app\\services\\esports_service.py": 1775272267.5893776,
  "app\\services\\fed_rate.py": 1771211320.4926755,
  "app\\services\\futures.py": 1773059085.04564,
  "app\\services\\github_release.py": 1775351956.391078,
  "app\\services\\github_trending_service.py": 1774754629.3315876,
  "app\\services\\interest_pipeline.py": 1775617868.391546,
  "app\\services\\load_balancer.py": 1771210982.549676,
  "app\\services\\market_cap_service.py": 1774071499.526973,
  "app\\services\\market_session.py": 1775299885.988492,
  "app\\services\\market_status.py": 1772080742.1311026,
  "app\\services\\memory_cache.py": 1770617621.4953547,
  "app\\services\\migration.py": 1771211126.7548823,
  "app\\services\\news_dedup.py": 1774014854.1617813,
  "app\\services\\news_service.py": 1773191506.036956,
  "app\\services\\nomura_research_service.py": 1775439811.980736,
  "app\\services\\notification.py": 1775704944.1250825,
  "app\\services\\ocr.py": 1772100262.3330786,
  "app\\services\\position.py": 1775182389.6549892,
  "app\\services\\rebalance.py": 1766900830.9196925,
  "app\\services\\signal_cache.py": 1773055187.3045154,
  "app\\services\\signal_detector.py": 1773278906.3719718,
  "app\\services\\signal_service.py": 1773982969.4572895,
  "app\\services\\stock.py": 1773191904.292759,
  "app\\services\\stock_meta.py": 1770903893.7332096,
  "app\\services\\td_sequential.py": 1773112161.6551557,
  "app\\services\\technical_indicators.py": 1770682992.996408,
  "app\\services\\trade.py": 1771211047.3417683,
  "app\\services\\trading_calendar.py": 1775302081.668996,
  "app\\services\\trading_strategy.py": 1770790706.996594,
  "app\\services\\unified_stock_data.py": 1775731023.0570061,
  "app\\services\\valuation.py": 1766826087.435913,
  "app\\services\\value_dip.py": 1775002884.1405768,
  "app\\services\\wallstreet_news_service.py": 1775439833.0166214,
  "app\\services\\watch_alert_service.py": 1775731059.9791894,
  "app\\services\\watch_analysis_service.py": 1775093387.6116264,
  "app\\services\\watch_service.py": 1773037297.2817752,
  "app\\services\\wyckoff.py": 1775195579.6546226,
  "app\\services\\wyckoff_analyzer.py": 1771154220.8329196,
  "app\\services\\__init__.py": 1768302536.1528103,
  "app\\services\\news_sources\\base.py": 1773034443.1949549,
  "app\\services\\news_sources\\cls.py": 1773034507.465577,
  "app\\services\\news_sources\\kr36.py": 1773034453.613963,